id;firstName;lastName;address;email;phone
1;Giselle;Brielle;523-2131 Augue Avenue;sem.ut.dolor@Cumsociis.org;443233722
2;Ivy;Asher;Ap #794-8556 Per Avenue;ornare.facilisis@atvelitCras.net;703682609
3;Shaine;Nolan;5035 Adipiscing St.;lacinia.orci.consectetuer@Nulla.ca;505953801
4;Kaye;Hall;Ap #863-2664 Convallis Avenue;diam@pedePraesent.edu;814801477
5;Alec;Briar;2203 Fusce Road;risus@Vivamussit.edu;958033068
6;Magee;Kirestin;Ap #574-8382 In St.;nibh.Phasellus@nunc.ca;991586617
7;Armand;Zoe;P.O. Box 557, 9159 Magna Street;odio.Phasellus.at@orci.net;261833216
8;Delilah;Denise;316-5027 Erat. Avenue;urna@lobortisquam.com;843608698
9;Justin;Brenden;Ap #171-5535 Laoreet Rd.;enim@ornareegestasligula.org;618907471
10;Amos;Vivien;Ap #302-298 Neque Rd.;Nulla@lacinia.ca;743564239
11;Juliet;Nichole;Ap #484-3402 Sem. Av.;elementum@ligula.org;889738516
12;Orli;Heather;703-4086 Sed, Street;vitae.aliquam@ascelerisquesed.org;669412221
13;Zachary;Mariam;1805 Fusce Rd.;ut.erat@diam.co.uk;840147273
14;Forrest;Neil;662-2920 Elit, Ave;at.egestas.a@maurissapien.net;371975858
15;Zephr;Uriah;Ap #862-4136 Semper Rd.;feugiat.tellus@magna.edu;909840550
16;Judah;Bianca;9069 Rutrum Av.;a.sollicitudin@gravida.org;365026353
17;Echo;Amos;Ap #255-9413 Phasellus Rd.;eu.odio.tristique@In.com;180970788
18;Quamar;Damian;756-1259 Dolor Street;urna@etmagna.ca;842276689
19;Aiko;Erasmus;Ap #157-1459 Sed Av.;quam@dolorDonec.co.uk;307575527
20;Zelda;Rae;Ap #269-4408 Mollis St.;risus.Donec@elit.ca;045915827
21;Brooke;Alana;Ap #985-8029 Mi St.;eleifend.non.dapibus@Maecenas.co.uk;729855420
22;Brooke;Mariko;5502 Donec Rd.;vehicula.Pellentesque@necquam.co.uk;163006774
23;Jakeem;Serina;P.O. Box 813, 3949 Vitae St.;nisi.dictum@diamdictumsapien.ca;317108499
24;Joseph;Fitzgerald;P.O. Box 307, 1543 Molestie Ave;non.nisi@iaculisquis.net;578238657
25;Price;Ashton;P.O. Box 320, 2920 Ut Rd.;Proin@tortor.com;650062064
26;Dolan;Perry;Ap #929-6766 Aliquam, Av.;amet.ante.Vivamus@intempus.co.uk;985469641
27;Elvis;Amy;Ap #360-286 Blandit Av.;risus@vel.edu;480969768
28;Signe;Maggy;P.O. Box 702, 9544 Eu, Ave;sapien.molestie@tempordiam.edu;912586402
29;Felix;Wayne;Ap #452-2278 Massa. Avenue;tempor@massaInteger.edu;120658244
30;Sloane;Kerry;221-6288 Urna, Av.;cubilia.Curae@elementumategestas.co.uk;004161176
31;Iola;Whilemina;Ap #791-5649 Nisi Ave;ultrices@maurisid.org;377419335
32;Troy;Connor;Ap #805-3310 Ipsum St.;Integer@vitae.com;199401921
33;Ferris;Ulla;Ap #666-3632 Arcu. St.;Pellentesque.ultricies.dignissim@Quisqueornaretortor.edu;103422036
34;Brian;Xantha;5370 Auctor St.;nulla.magna@sed.edu;294486897
35;Jelani;Fredericka;P.O. Box 756, 3292 Adipiscing St.;Nulla.dignissim.Maecenas@atiaculisquis.org;504663580
36;Felicia;Bell;P.O. Box 954, 7684 Semper. Rd.;Etiam.bibendum.fermentum@quisdiam.co.uk;204730030
37;Paul;Natalie;8586 Vivamus Street;et.magnis@consectetueradipiscing.net;383049166
38;Chava;Wynter;P.O. Box 343, 7536 Urna Ave;Quisque.ac@Duisvolutpatnunc.ca;313541634
39;Darius;Rina;1418 Arcu. Rd.;ornare.tortor@necleo.org;469224528
40;Burke;Katell;P.O. Box 619, 4728 Mattis. Ave;sed@amagnaLorem.co.uk;434356205
41;Jarrod;Herman;Ap #899-8110 Egestas. Street;ullamcorper.Duis.cursus@Phasellusornare.edu;458690957
42;Reed;Blossom;Ap #144-8936 Tristique St.;Nunc.pulvinar@Fusce.net;376013911
43;Jacob;Germane;P.O. Box 910, 353 Molestie. Rd.;Integer.eu@lacus.org;894476368
44;Teegan;Sydney;P.O. Box 954, 5661 Sem, Street;nibh.Aliquam.ornare@SuspendissesagittisNullam.ca;383203455
45;Francis;Carla;6402 Ante Av.;eu.odio@non.ca;472594954
46;Ira;Echo;P.O. Box 942, 8223 Vel Street;magna.malesuada@convallisligulaDonec.com;429755865
47;Clementine;Demetrius;2554 Malesuada St.;diam.nunc@a.net;594912930
48;Gray;Mia;P.O. Box 940, 8101 Vestibulum Road;per.inceptos@lacusMaurisnon.ca;711887824
49;Len;Nerea;Ap #733-3117 At, Street;porta@feugiatplacerat.edu;887657677
50;Kim;Gillian;Ap #326-1665 Pede. Street;dictum@Fuscealiquetmagna.ca;138435072
51;Joelle;Ross;P.O. Box 366, 3166 Diam. St.;tellus.Phasellus.elit@vulputate.co.uk;804046376
52;Fatima;Herman;Ap #147-186 Nunc Rd.;non@enimCurabiturmassa.co.uk;399081102
53;Rooney;Sopoline;Ap #242-4373 Habitant St.;gravida.sit.amet@pedemalesuadavel.com;388664474
54;Nissim;Quinn;3536 Urna. St.;metus.vitae.velit@rutrumnonhendrerit.ca;776739584
55;Samuel;Hanna;P.O. Box 381, 5916 Quis Road;Etiam.bibendum.fermentum@et.co.uk;596593776
56;Amos;Ezekiel;Ap #766-9058 Bibendum Avenue;Etiam.ligula@loremfringillaornare.com;005062019
57;May;Quincy;6017 Class Ave;montes@et.com;760291638
58;Cora;Orla;Ap #649-1170 Mollis Street;at@vitaenibhDonec.edu;696528910
59;Aidan;Demetrius;235-9858 Ante Avenue;adipiscing.elit.Curabitur@semvitae.com;475040354
60;Melinda;David;9160 Nec, Road;orci.in.consequat@quislectus.ca;712692054
61;Miriam;Sasha;P.O. Box 293, 7111 Dolor Avenue;Nullam.enim@Inscelerisque.co.uk;947575532
62;Clio;Helen;P.O. Box 246, 2004 Lacus. Rd.;ornare.elit.elit@eros.edu;216985515
63;Ciaran;Forrest;798-899 Metus. Street;tincidunt@Namporttitorscelerisque.org;773128881
64;Adena;Lance;556-3938 Tristique Rd.;taciti.sociosqu.ad@nec.com;314104397
65;Richard;Jorden;P.O. Box 174, 119 Et Ave;id.sapien@sodales.com;106373832
66;Mercedes;Oren;7746 Venenatis St.;orci@molestieorci.edu;535235401
67;Phyllis;Sybill;Ap #400-7050 At Street;magna.Suspendisse.tristique@metussitamet.net;561151282
68;Evangeline;Ian;896-3786 Tristique Avenue;Quisque.ac@sodalespurusin.edu;483161503
69;Yuri;Lavinia;Ap #635-4838 Semper, Av.;euismod@velitAliquam.edu;297830371
70;Ralph;Dieter;740-3123 Nascetur Rd.;nonummy.ut@ametultriciessem.org;446864176
71;Xavier;Tanner;785-1122 Donec Rd.;adipiscing.fringilla.porttitor@Donecfelisorci.co.uk;092833685
72;Justina;Tashya;192-1370 Feugiat Av.;dui@Donecelementumlorem.com;757834431
73;Louis;Kirk;431-8178 Vulputate Street;convallis.ante@pharetrafelis.ca;228105236
74;Seth;Aspen;201-9361 Pretium Road;nec.mollis@ascelerisque.co.uk;479101799
75;Clare;Ingrid;P.O. Box 276, 8882 Nunc Av.;rutrum.Fusce.dolor@Cumsociis.com;218653494
76;Lysandra;Shelby;Ap #768-9700 Duis Street;mus@Donecluctusaliquet.com;844027953
77;David;Marsden;P.O. Box 257, 283 Est. Av.;ut.eros@sitamet.net;118316473
78;Kasper;Melanie;927-4199 Non St.;aliquet@leoCras.com;733482917
79;Armand;Gisela;728-7934 Purus Road;sit.amet@lacusMauris.edu;170215193
80;Brendan;Gabriel;5688 Odio St.;aliquet@auctorquistristique.net;110850605
81;Emery;Jillian;P.O. Box 577, 3602 Ut St.;aliquet.diam.Sed@natoquepenatibus.org;701448846
82;Sydnee;Calvin;933 Aliquam Road;Nam@atpedeCras.edu;984279662
83;Lionel;Raya;P.O. Box 880, 7967 Purus. St.;in@loremauctorquis.net;215487781
84;Bert;Brock;3617 Placerat, Road;lobortis@rutrum.ca;647946620
85;Blythe;Nathan;1312 Sed Ave;Ut.nec@aliquameu.co.uk;066603467
86;Ramona;Rama;572-1931 Scelerisque Ave;amet@risusIn.edu;092407980
87;Joelle;Wyatt;P.O. Box 653, 5997 Blandit Ave;est.ac.mattis@Sed.org;080019657
88;Hadley;Keely;565-5480 Risus. Rd.;consequat.auctor.nunc@ultricesiaculis.org;402975391
89;Curran;Cody;1038 Vulputate Avenue;dictum@Vivamus.org;390817393
90;Lucian;Rhiannon;P.O. Box 740, 8520 Eu, Street;Curabitur.vel.lectus@sem.net;477283223
91;Sade;Talon;Ap #362-2901 Tellus Ave;sagittis.semper@elementumpurusaccumsan.org;281461359
92;Akeem;Ginger;7735 Lorem Road;ornare.facilisis@ametornarelectus.co.uk;629264499
93;Carl;Rae;Ap #708-8765 Cum Ave;Cum.sociis@antedictumcursus.edu;157399805
94;Bianca;Hadley;9066 Aliquam Rd.;ut@aliquetProinvelit.org;338920956
95;August;Scarlet;9779 Aliquam St.;euismod.mauris@Namligula.co.uk;419483398
96;Doris;Lewis;311-8440 Facilisis, Road;Nulla.interdum@cubilia.com;036713398
97;Oscar;Daphne;917-3781 Sociis Street;adipiscing.elit.Aliquam@aenim.org;366759975
98;Aidan;Jamalia;311-4766 Sit Rd.;natoque.penatibus.et@vitaesodales.net;883111758
99;Ignatius;Talon;P.O. Box 135, 9996 Fringilla Street;vestibulum.lorem@Maurismagna.net;165933290
100;Octavius;Fletcher;2848 Nonummy St.;quam@estmauris.net;314633484